Workbook

Sheet Présentation générale
B7: Right Curved Sprint sur 17,5m (s) | I7: Left Curved Sprint sur 17,5m (s)
B9: CORE | E9: CRTL | I9: CORE | L9: CRTL
B10: Avant | C10: Après | D10: ▲ | E10: Avant | F10: Après | G10: ▲ | I10: Avant | J10: Après | K10: ▲ | L10: Avant | M10: Après | N10: ▲
A11: 1 | B11: 2.682 | C11: 2.5691282 | D11: =C11-B11 -> -0.1128718 | E11: 2.565 | F11: 2.585 | G11: =F11-E11 -> 0.02 | I11: 2.649 | J11: 2.601 | K11: =J11-I11 -> -0.048 | L11: 2.629 | M11: 2.595 | N11: =M11-L11 -> -0.034
A12: 2 | B12: 2.767 | C12: 2.5936249 | D12: =C12-B12 -> -0.17337506 | E12: 2.721 | F12: 2.657 | G12: =F12-E12 -> -0.064 | I12: 2.738 | J12: 2.714 | K12: =J12-I12 -> -0.024 | L12: 2.702 | M12: 2.664 | N12: =M12-L12 -> -0.038
A13: 3 | B13: 2.882 | C13: 2.773 | D13: =C13-B13 -> -0.109 | E13: 2.918 | F13: 2.838 | G13: =F13-E13 -> -0.08 | I13: 2.795 | J13: 2.739 | K13: =J13-I13 -> -0.056 | L13: 2.799 | M13: 2.728 | N13: =M13-L13 -> -0.071
A14: 4 | B14: 2.574 | C14: 2.496 | D14: =C14-B14 -> -0.078 | E14: 2.564 | F14: 2.613 | G14: =F14-E14 -> 0.049 | I14: 2.601 | J14: 2.573 | K14: =J14-I14 -> -0.028 | L14: 2.604 | M14: 2.594 | N14: =M14-L14 -> -0.01
A15: 5 | B15: 2.907 | C15: 2.795 | D15: =C15-B15 -> -0.112 | E15: 2.581 | F15: 2.605 | G15: =F15-E15 -> 0.024 | I15: 2.929 | J15: 2.867 | K15: =J15-I15 -> -0.062 | L15: 2.643 | M15: 2.638 | N15: =M15-L15 -> -0.005
A16: 6 | B16: 2.697 | C16: 2.5994606 | D16: =C16-B16 -> -0.097539384 | E16: 2.723 | F16: 2.776 | G16: =F16-E16 -> 0.053 | I16: 2.627 | J16: 2.656 | K16: =J16-I16 -> 0.029 | L16: 2.718 | M16: 2.659 | N16: =M16-L16 -> -0.059
A17: 7 | B17: 2.636 | C17: 2.597 | D17: =C17-B17 -> -0.039 | E17: 2.834 | F17: 2.788 | G17: =F17-E17 -> -0.046 | I17: 2.578 | J17: 2.573 | K17: =J17-I17 -> -0.005 | L17: 2.732 | M17: 2.702 | N17: =M17-L17 -> -0.03
A18: 8 | B18: 2.619 | C18: 2.654 | D18: =C18-B18 -> 0.035 | E18: 2.782 | F18: 2.691 | G18: =F18-E18 -> -0.091 | I18: 2.722 | J18: 2.684 | K18: =J18-I18 -> -0.038 | L18: 2.78 | M18: 2.812 | N18: =M18-L18 -> 0.032
A19: 9 | B19: 2.697 | C19: 2.541 | D19: =C19-B19 -> -0.156 | E19: 2.902 | F19: 2.843 | G19: =F19-E19 -> -0.059 | I19: 2.804 | J19: 2.598 | K19: =J19-I19 -> -0.206 | L19: 2.883 | M19: 2.841 | N19: =M19-L19 -> -0.042
A20: 10 | B20: 2.874 | C20: 2.793 | D20: =C20-B20 -> -0.081 | E20: 2.79 | F20: 2.894 | G20: =F20-E20 -> 0.104 | I20: 2.935 | J20: 2.78 | K20: =J20-I20 -> -0.155 | L20: 2.694 | M20: 2.671 | N20: =M20-L20 -> -0.023
A21: 11 | B21: 2.504 | C21: 2.528 | D21: =C21-B21 -> 0.024 | E21: 2.502 | F21: 2.557 | G21: =F21-E21 -> 0.055 | I21: 2.531 | J21: 2.522 | K21: =J21-I21 -> -0.009 | L21: 2.488 | M21: 2.501 | N21: =M21-L21 -> 0.013
A22: Moyenne | B22: =AVERAGE(B11:B21) -> 2.7126364 | C22: =AVERAGE(C11:C21) -> 2.6308376 | D22: =AVERAGE(D11:D21) -> -0.081798749 | E22: =AVERAGE(E11:E21) -> 2.7165455 | F22: =AVERAGE(F11:F21) -> 2.7133636 | G22: =AVERAGE(G11:G21) -> -0.0031818182 | I22: =AVERAGE(I11:I21) -> 2.719 | J22: =AVERAGE(J11:J21) -> 2.6642727 | K22: =AVERAGE(K11:K21) -> -0.054727273 | L22: =AVERAGE(L11:L21) -> 2.6974545 | M22: =AVERAGE(M11:M21) -> 2.6731818 | N22: =AVERAGE(N11:N21) -> -0.024272727
A23: Ecart-type | B23: =_xlfn.STDEV.S(B11:B21) -> 0.13201233 | C23: =_xlfn.STDEV.S(C11:C21) -> 0.10869336 | D23: =_xlfn.STDEV.S(D11:D21) -> 0.065908646 | E23: =_xlfn.STDEV.S(E11:E21) -> 0.14462114 | F23: =_xlfn.STDEV.S(F11:F21) -> 0.11869395 | G23: =_xlfn.STDEV.S(G11:G21) -> 0.066550459 | I23: =_xlfn.STDEV.S(I11:I21) -> 0.13661625 | J23: =_xlfn.STDEV.S(J11:J21) -> 0.1040693 | K23: =_xlfn.STDEV.S(K11:K21) -> 0.068227694 | L23: =_xlfn.STDEV.S(L11:L21) -> 0.10651607 | M23: =_xlfn.STDEV.S(M11:M21) -> 0.097378456 | N23: =_xlfn.STDEV.S(N11:N21) -> 0.030252573
A24: Kurtosis | D24: =KURT(D11:D21) -> -0.10780104 | G24: =KURT(G11:G21) -> -1.5245604 | K24: =KURT(K11:K21) -> 1.6361095 | N24: =KURT(N11:N21) -> -0.11684383
A25: Skewness | D25: =SKEW(D11:D21) -> 0.68216631 | G25: =SKEW(G11:G21) -> 0.071437616 | K25: =SKEW(K11:K21) -> -1.3898539 | N25: =SKEW(N11:N21) -> 0.38347751

Sheet Right Curved Sprint
A7: Right Curved Sprint sur 17,5m (s)
A9: NOM | B9: Groupe | C9: Pré | D9: Post | E9: Diff Sprint | F9: %
A10: A | B10: CORE | C10: 2.682 | D10: 2.5691282 | E10: -0.1128718 | F10: =(D10-C10)*100 -> -11.28718
A11: B | B11: CORE | C11: 2.767 | D11: 2.5936249 | E11: -0.17337506 | F11: =(D11-C11)*100 -> -17.337506
A12: C | B12: CORE | C12: 2.882 | D12: 2.773 | E12: -0.109 | F12: =(D12-C12)*100 -> -10.9
A13: D | B13: CORE | C13: 2.574 | D13: 2.496 | E13: -0.078 | F13: =(D13-C13)*100 -> -7.8
A14: E | B14: CORE | C14: 2.907 | D14: 2.795 | E14: -0.112 | F14: =(D14-C14)*100 -> -11.2
A15: F | B15: CORE | C15: 2.697 | D15: 2.5994606 | E15: -0.097539384 | F15: =(D15-C15)*100 -> -9.7539384
A16: G | B16: CORE | C16: 2.636 | D16: 2.597 | E16: -0.039 | F16: =(D16-C16)*100 -> -3.9
A17: H | B17: CORE | C17: 2.619 | D17: 2.654 | E17: 0.035 | F17: =(D17-C17)*100 -> 3.5
A18: I | B18: CORE | C18: 2.697 | D18: 2.541 | E18: -0.156 | F18: =(D18-C18)*100 -> -15.6
A19: J | B19: CORE | C19: 2.874 | D19: 2.793 | E19: -0.081 | F19: =(D19-C19)*100 -> -8.1
A20: K | B20: CORE | C20: 2.504 | D20: 2.528 | E20: 0.024 | F20: =(D20-C20)*100 -> 2.4
A21: L | B21: CRTL | C21: 2.565 | D21: 2.585 | E21: 0.02 | F21: =(D21-C21)*100 -> 2
... A31: V | B31: CRTL | C31: 2.502 | D31: 2.557 | E31: 0.055 | F31: =(D31-C31)*100 -> 5.5
B33: CORE | H33: CRTL
B34: Avant | C34: Après | D34: ▲ | E34: % | H34: Avant | I34: Après | J34: ▲ | K34: %
A35: Moyenne | B35: ='Présentation générale'!B22 -> 2.7126364 | C35: ='Présentation générale'!C22 -> 2.6308376 | D35: ='Présentation générale'!D22 -> -0.081798749 | E35: =AVERAGE(F10:F20) -> -8.1798749 | G35: Moyenne | H35: ='Présentation générale'!E22 -> 2.7165455 | I35: ='Présentation générale'!F22 -> 2.7133636 | J35: ='Présentation générale'!G22 -> -0.0031818182 | K35: =AVERAGE(F21:F31) -> -0.31818182
A36: Ecart-type | B36: ='Présentation générale'!B23 -> 0.13201233 | C36: ='Présentation générale'!C23 -> 0.10869336 | D36: ='Présentation générale'!D23 -> 0.065908646 | E36: =_xlfn.STDEV.S(F10:F20) -> 6.5908646 | G36: Ecart-type | H36: ='Présentation générale'!E23 -> 0.14462114 | I36: ='Présentation générale'!F23 -> 0.11869395 | J36: ='Présentation générale'!G23 -> 0.066550459 | K36: =_xlfn.STDEV.S(F21:F31) -> 6.6550459
C38: SWC | I38: SWC
C39: =((0.2*D36)/D35)*100 -> -16.11483 | F39: Voir si démarche SWC est bonne | I39: =((0.2*J36)/J35)*100 -> -418.31717
M43: ▲ Core | N43: ▲ CRTL
L44: Moyenne | M44: -0.082 | N44: -0.003
L45: Ecart-type | M45: -0.066 | N45: -0.067
U48: NOM | V48: Groupe | W48: X | X48: Diff Sprint | Z48: X | AA48: Moyenne
U49: A | V49: CORE | W49: 1.1206717 | X49: -0.1128718 | Z49: 1 | AA49: -0.082
U50: B | V50: CORE | W50: 1.0104021 | X50: -0.17337506 | Z50: 2 | AA50: -0.003
U51: C | V51: CORE | W51: 1.0180231 | X51: -0.109
U52: D | V52: CORE | W52: 1.1094571 | X52: -0.078
U53: E | V53: CORE | W53: 1.0394427 | X53: -0.112
U54: F | V54: CORE | W54: 0.97966864 | X54: -0.097539384
U55: G | V55: CORE | W55: 1.1304212 | X55: -0.039
U56: H | V56: CORE | W56: 0.8763003 | X56: 0.035
U57: I | V57: CORE | W57: 1.090005 | X57: -0.156
U58: J | V58: CORE | W58: 0.99627342 | X58: -0.081
U59: K | V59: CORE | W59: 1.0603944 | X59: 0.024
U60: L | V60: CRTL | W60: 1.9952019 | X60: 0.02
U61: M | V61: CRTL | W61: 2.0658595 | X61: -0.064
U62: N | V62: CRTL | W62: 2.011915 | X62: -0.08
... U70: V | V70: CRTL | W70: 1.9946205 | X70: 0.055

Sheet Feuil1
H4: Right curved sprint | K4: Left curved sprint
H6: ▲ Moyenne | I6: Ecart-type | K6: ▲ Moyenne | L6: Ecart-type
G7: CORE | H7: -0.082 | I7: 0.066 | K7: -0.055 | L7: 0.068 | M7: CORE
G8: CRTL | H8: -0.003 | I8: 0.067 | K8: -0.024 | L8: 0.03 | M8: CRTL

Sheet Left Curved Sprint
A7: Left Curved Sprint sur 17,5m (s)
A9: NOM | B9: Groupe | C9: Pré | D9: Post | E9: Diff Sprint | F9: %
A10: A | B10: CORE | C10: 2.649 | D10: 2.601 | E10: =D10-C10 -> -0.048 | F10: =(D10-C10)*100 -> -4.8
A11: B | B11: CORE | C11: 2.738 | D11: 2.714 | E11: =D11-C11 -> -0.024 | F11: =(D11-C11)*100 -> -2.4
A12: C | B12: CORE | C12: 2.795 | D12: 2.739 | E12: =D12-C12 -> -0.056 | F12: =(D12-C12)*100 -> -5.6
A13: D | B13: CORE | C13: 2.601 | D13: 2.573 | E13: =D13-C13 -> -0.028 | F13: =(D13-C13)*100 -> -2.8
A14: E | B14: CORE | C14: 2.929 | D14: 2.867 | E14: =D14-C14 -> -0.062 | F14: =(D14-C14)*100 -> -6.2
A15: F | B15: CORE | C15: 2.627 | D15: 2.656 | E15: =D15-C15 -> 0.029 | F15: =(D15-C15)*100 -> 2.9
A16: G | B16: CORE | C16: 2.578 | D16: 2.573 | E16: =D16-C16 -> -0.005 | F16: =(D16-C16)*100 -> -0.5
A17: H | B17: CORE | C17: 2.722 | D17: 2.684 | E17: =D17-C17 -> -0.038 | F17: =(D17-C17)*100 -> -3.8
A18: I | B18: CORE | C18: 2.804 | D18: 2.598 | E18: =D18-C18 -> -0.206 | F18: =(D18-C18)*100 -> -20.6
A19: J | B19: CORE | C19: 2.935 | D19: 2.78 | E19: =D19-C19 -> -0.155 | F19: =(D19-C19)*100 -> -15.5
A20: K | B20: CORE | C20: 2.531 | D20: 2.522 | E20: =D20-C20 -> -0.009 | F20: =(D20-C20)*100 -> -0.9
A21: L | B21: CRTL | C21: 2.629 | D21: 2.595 | E21: =D21-C21 -> -0.034 | F21: =(D21-C21)*100 -> -3.4
... A31: V | B31: CRTL | C31: 2.488 | D31: 2.501 | E31: =D31-C31 -> 0.013 | F31: =(D31-C31)*100 -> 1.3
B33: CORE | H33: CRTL
B34: Avant | C34: Après | D34: ▲ | E34: % | H34: Avant | I34: Après | J34: ▲ | K34: %
A35: Moyenne | B35: ='Présentation générale'!I22 -> 2.719 | C35: ='Présentation générale'!J22 -> 2.6642727 | D35: ='Présentation générale'!K22 -> -0.054727273 | E35: =AVERAGE(F10:F20) -> -5.4727273 | G35: Moyenne | H35: ='Présentation générale'!L22 -> 2.6974545 | I35: ='Présentation générale'!M22 -> 2.6731818 | J35: ='Présentation générale'!N22 -> -0.024272727 | K35: =AVERAGE(F21:F31) -> -2.4272727
A36: Ecart-type | B36: ='Présentation générale'!I23 -> 0.13661625 | C36: ='Présentation générale'!J23 -> 0.1040693 | D36: ='Présentation générale'!K23 -> 0.068227694 | E36: =_xlfn.STDEV.S(F10:F20) -> 6.8227694 | G36: Ecart-type | H36: ='Présentation générale'!L23 -> 0.10651607 | I36: ='Présentation générale'!M23 -> 0.097378456 | J36: ='Présentation générale'!N23 -> 0.030252573 | K36: =_xlfn.STDEV.S(F21:F31) -> 3.0252573
U41: NOM | V41: Groupe | W41: X | X41: Diff Sprint | Z41: X | AA41: Moyenne
O42: ▲ Core | P42: ▲ CRTL | U42: A | V42: CORE | W42: 1.0384539 | X42: -0.048 | Z42: 1 | AA42: -0.055
N43: Moyenne | O43: -0.055 | P43: -0.024 | U43: B | V43: CORE | W43: 1.1192713 | X43: -0.024 | Z43: 2 | AA43: -0.024
N44: Ecart-type | O44: 0.068 | P44: 0.03 | U44: C | V44: CORE | W44: 1.1295059 | X44: -0.056
U45: D | V45: CORE | W45: 0.8785611 | X45: -0.028
U46: E | V46: CORE | W46: 1.1325351 | X46: -0.062
U47: F | V47: CORE | W47: 1.1259953 | X47: 0.029
U48: G | V48: CORE | W48: 0.98217543 | X48: -0.005
U49: H | V49: CORE | W49: 0.99557874 | X49: -0.038
U50: I | V50: CORE | W50: 0.94603584 | X50: -0.206
U51: J | V51: CORE | W51: 1.0398364 | X51: -0.155
U52: K | V52: CORE | W52: 1.1453872 | X52: -0.009
U53: L | V53: CRTL | W53: 1.9748291 | X53: -0.034
U54: M | V54: CRTL | W54: 2.1066168 | X54: -0.038
U55: N | V55: CRTL | W55: 1.9980057 | X55: -0.071
U56: O | V56: CRTL | W56: 2.0348311 | X56: -0.01
... U63: V | V63: CRTL | W63: 2.1387833 | X63: 0.013

Sheet Conclusion générale
